timestamp,rtt_ms,loss_%,download_mbps,upload_mbps
2025-04-25 10:14:10,20.102262496948242,0,160.4278529734639,121.37193962330718
2025-04-25 10:14:45,21.26288414001465,0,164.7437168061842,116.43150628072338
2025-04-25 10:15:19,19.64592933654785,0,140.49826971105838,118.4499147275182
2025-04-25 10:15:54,20.587444305419922,0,159.5452809133795,118.43754646357493
2025-04-25 10:16:28,20.463943481445312,0,109.44427227456264,109.83807174434308
2025-04-25 10:17:02,21.299362182617188,0,142.65925163752465,117.02019202149347
2025-04-25 10:17:35,19.942522048950195,0,165.22966850457811,124.20396272093882
2025-04-25 10:18:09,20.36309242248535,0,186.1292780793189,118.61761193226006
2025-04-25 10:18:41,20.235061645507812,0,202.86340191119731,142.32433122207274
2025-04-25 10:19:16,30.493736267089844,0,178.76890626253234,112.3371501893416
2025-04-25 10:19:48,22.93992042541504,0,174.98656559965895,140.31308859410194
2025-04-25 10:20:22,24.08146858215332,0,121.80830490400506,119.39015610468759
2025-04-25 10:20:57,21.453380584716797,0,194.12443446091285,115.83384740441872
2025-04-25 10:21:31,26.768922805786133,0,98.4431540580553,111.09250886543506
2025-04-25 10:22:05,20.80988883972168,0,141.53031428387277,101.37851290516758
2025-04-25 10:22:39,24.47223663330078,0,124.91767533154317,121.00221384659758
2025-04-25 10:23:13,19.34337615966797,0,139.2524472162715,104.08839871329178
2025-04-25 10:23:47,24.07693862915039,0,104.25021193602626,69.20188413820179
2025-04-25 10:24:21,20.370960235595703,0,132.517254180621,112.2864797885855
2025-04-25 10:24:55,22.54033088684082,0,157.84340437451132,113.93494593632374
2025-04-25 10:25:30,24.828672409057617,0,147.0112752237534,115.36796210936039
2025-04-25 10:26:03,20.53689956665039,0,64.4647577353564,120.5200496589777
2025-04-25 10:26:38,1611.3102436065674,0,189.76637702090753,127.09129798264065
2025-04-25 10:27:13,20.69544792175293,0,163.27810306233673,119.12106264151667
2025-04-25 10:27:47,21.990060806274414,0,151.79754600236217,117.13368129471341
2025-04-25 10:28:20,22.67599105834961,0,129.95718111103582,125.16363232908608
2025-04-25 10:28:54,21.679162979125977,0,180.9544609602465,118.32619577908137
2025-04-25 10:29:28,21.857738494873047,0,161.84464587694035,119.64614438107402
2025-04-25 10:30:02,21.770000457763672,0,167.2710132699415,101.3202170417131
2025-04-25 10:30:37,18.723726272583008,0,144.44519770611677,71.504193309251
2025-04-25 10:31:11,19.713878631591797,0,131.80338123322616,97.35466932348301
2025-04-25 10:31:45,20.766258239746094,0,104.79164618953526,111.67424015518137
2025-04-25 10:32:19,19.584178924560547,0,105.80996785273398,101.90783667563458
2025-04-25 10:32:52,20.11871337890625,0,109.27152645819952,105.82110211651201
2025-04-25 10:33:26,19.100189208984375,0,111.00847112451588,118.08089580004483
2025-04-25 10:34:00,19.285917282104492,0,116.03147883792317,116.87430357298649
2025-04-25 10:34:34,20.381689071655273,0,84.9063742409418,111.22817565122962
2025-04-25 10:35:07,20.65730094909668,0,129.14833884507502,109.62279030130523
2025-04-25 10:35:42,18.903255462646484,0,128.59237925288184,84.61141056648769
2025-04-25 10:36:15,21.73638343811035,0,129.47519516528968,117.58647516331526
2025-04-25 10:36:49,24.552345275878906,0,113.62677094088784,116.09316562579126
2025-04-25 10:37:23,20.17045021057129,0,130.27021987542102,105.2853550169056
2025-04-25 10:37:56,20.93982696533203,0,124.10895798458507,110.712852002322
2025-04-25 10:38:30,22.031545639038086,0,118.26875970197244,116.26947948313749
2025-04-25 10:39:04,19.4854736328125,0,115.67525121730961,118.37195049405658
2025-04-25 10:39:38,20.913124084472656,0,108.11569031029968,111.73278076181452
2025-04-25 10:40:12,17.73667335510254,0,123.0673379807967,94.88639685634948
2025-04-25 10:40:46,21.870136260986328,0,114.15095528362241,109.48019521525197
2025-04-25 10:41:20,19.507169723510742,0,128.39537420315204,114.32800374971781
2025-04-25 10:41:53,18.913745880126953,0,135.92626884063588,111.69737786397299
2025-04-25 10:42:27,21.05545997619629,0,70.94107146275996,115.75680391575764
2025-04-25 10:43:01,21.256446838378906,0,133.95997259659865,109.6415252835575
2025-04-25 10:43:35,43.352365493774414,0,138.3779125027783,116.4918829949846
2025-04-25 10:44:09,19.57392692565918,0,146.22879749854997,107.0601615204498
2025-04-25 10:44:43,19.647836685180664,0,134.690765949577,103.3561718780244
2025-04-25 10:45:17,40.73834419250488,0,138.55849194421623,105.0744324814824
2025-04-25 10:45:51,18.41259002685547,0,114.9220119018877,115.65745185488329
2025-04-25 10:46:25,20.09296417236328,0,128.2384381007107,101.35554973580739
2025-04-25 10:46:59,23.874521255493164,0,123.64954587077749,108.59567146245723
2025-04-25 10:47:32,18.886327743530273,0,146.39590852482175,101.02750373763591
2025-04-25 10:48:06,22.701740264892578,0,129.71379890114406,112.45293234993807
2025-04-25 10:48:40,18.305063247680664,0,113.68262788399676,108.67175708777384
2025-04-25 10:49:14,27.590274810791016,0,149.55738601347267,121.19200766288998
2025-04-25 10:49:48,20.180940628051758,0,129.74690603830314,100.24413556818725
2025-04-25 10:50:22,18.904447555541992,0,122.88179555910355,114.88035765520695
2025-04-25 10:50:55,18.8443660736084,0,132.20828917202653,86.54643464149294
2025-04-25 10:51:29,19.21820640563965,0,93.19335026217847,101.23863506401474
2025-04-25 10:52:03,20.171642303466797,0,112.5628683728982,83.86468852449791
2025-04-25 10:52:37,18.840551376342773,0,125.57294617361974,105.01471033337243
2025-04-25 10:53:10,22.16958999633789,0,123.84558127077084,92.50303809405881
2025-04-25 10:53:44,20.404577255249023,0,103.31853190233949,99.34442534234731
2025-04-25 10:54:18,19.194602966308594,0,109.96072773836673,92.7267589263766
2025-04-25 10:54:52,20.385026931762695,0,128.80815287352212,117.29677641081977
2025-04-25 10:55:25,18.700361251831055,0,141.38056155810048,107.34310435693482
2025-04-25 10:55:59,21.76213264465332,0,119.29587820605806,89.74891239369947
2025-04-25 10:56:33,20.099639892578125,0,137.73963867141654,101.34358984489062
2025-04-25 10:57:07,31.155824661254883,0,144.06954340672308,104.31220940791728
2025-04-25 10:57:40,19.22464370727539,0,122.6290066963288,107.69541377862134
2025-04-25 10:58:14,18.688678741455078,0,145.96067368370598,101.86325221827273
2025-04-25 10:58:48,20.340681076049805,0,122.63115695591551,111.29326686080262
2025-04-25 10:59:22,19.847869873046875,0,112.12574650193577,117.45765363462722
2025-04-25 10:59:56,26.577234268188477,0,135.3673559337326,95.2964344500792
2025-04-25 11:00:10,20.795345306396484,0,,
2025-04-25 11:00:44,19.13619041442871,0,79.97962017212139,106.41314521147041
2025-04-25 11:01:18,18.15938949584961,0,136.00248920970162,104.21681308867701
2025-04-25 11:01:52,19.180774688720703,0,136.93725950242364,105.57401766275107
2025-04-25 11:02:25,18.45526695251465,0,122.59365783503263,97.38794379556875
2025-04-25 11:02:59,19.000768661499023,0,133.46013436263206,116.07157550546283
2025-04-25 11:03:33,29.231786727905273,0,133.27011938975264,110.77633322424143
2025-04-25 11:04:07,21.535158157348633,0,125.43317092463974,100.89625413188024
2025-04-25 11:04:41,19.665241241455078,0,132.28589149539485,105.96864888432307
2025-04-25 11:05:15,19.196033477783203,0,120.26044404059773,118.6482362277316
2025-04-25 11:05:49,20.777463912963867,0,127.33145875221797,107.39872839683292
2025-04-25 11:06:23,19.53744888305664,0,115.12041873080601,117.84079870776391
2025-04-25 11:06:57,20.26510238647461,0,97.7819228269899,118.3284360121181
2025-04-25 11:07:31,19.44708824157715,0,112.5006117362885,112.68875065787147
2025-04-25 11:08:05,17.731904983520508,0,121.36831167445904,109.36377855116719
2025-04-25 11:08:39,18.474578857421875,0,129.65077033470087,102.36873737726083
2025-04-25 11:09:13,19.705533981323242,0,126.0098819282672,110.11675032077243
2025-04-25 11:09:47,20.184755325317383,0,123.6880059997381,114.38704145630587
2025-04-25 11:10:20,29.44636344909668,0,129.75799539685002,115.2917273349539
2025-04-25 11:10:54,19.345998764038086,0,131.28281321085015,93.13668819607886
2025-04-25 11:11:28,20.174503326416016,0,118.83462683676736,118.3259118193969
2025-04-25 11:12:02,35.31217575073242,0,128.9501644425756,108.54253219157626
2025-04-25 11:12:36,20.27750015258789,0,137.53964463555425,120.10831269856095
2025-04-25 11:13:10,20.19643783569336,0,150.1681921300845,115.76377408603533
2025-04-25 11:13:44,20.769834518432617,0,140.61401970267133,115.33192370139311
2025-04-25 11:14:17,22.548675537109375,0,155.60855721606998,120.00133223579576
2025-04-25 11:14:51,18.633365631103516,0,136.78884184551987,112.27341051708893
2025-04-25 11:15:25,18.7075138092041,0,127.28892668968469,115.88093845317228
2025-04-25 11:15:59,20.56145668029785,0,133.54330746323893,104.96991682995272
2025-04-25 11:16:33,18.700361251831055,0,111.60971008299286,118.52769352688554
2025-04-25 11:17:07,21.324634552001953,0,139.90754892186428,106.11721109948112
2025-04-25 11:17:40,20.21169662475586,0,153.545691313492,121.0719687173933
2025-04-25 11:18:14,23.721933364868164,0,144.05542005795496,113.56837229785457
2025-04-25 11:18:48,40.938615798950195,0,102.62158795288813,125.05296083982407
2025-04-25 11:19:21,21.776914596557617,0,163.25268519281173,127.77905176395626
2025-04-25 11:19:55,18.771886825561523,0,135.7998099499317,116.1686370935608
2025-04-25 11:20:29,19.33002471923828,0,115.44512557807951,120.422729465548
2025-04-25 11:21:03,28.12337875366211,0,173.28898248416226,120.57384709316597
2025-04-25 11:21:37,21.177291870117188,0,165.85216324467328,110.84898399105579
2025-04-25 11:22:11,19.596099853515625,0,135.76485023508647,112.22230973630282
2025-04-25 11:22:45,22.768497467041016,0,117.02736648361143,117.29613615963206
2025-04-25 11:23:20,21.326541900634766,0,133.6635862451347,104.92115920647602
2025-04-25 11:23:54,19.93083953857422,0,135.0773068034547,116.08668276904382
2025-04-25 11:24:28,18.93138885498047,0,132.89176291883206,114.32737569887038
2025-04-25 11:25:02,19.922494888305664,0,138.86350937039583,117.90278343707605
2025-04-25 11:25:36,19.555091857910156,0,123.31890852357112,109.14202675628316
2025-04-25 11:26:10,26.76081657409668,0,129.10415327407188,112.26168970846905
2025-04-25 11:26:44,20.71404457092285,0,140.72105197865724,119.91601098555482
2025-04-25 11:27:17,20.51711082458496,0,147.74260572569466,106.28992297136722
2025-04-25 11:27:51,22.10855484008789,0,133.22887673290353,110.36358017849851
2025-04-25 11:28:25,20.824909210205078,0,148.25986906973353,117.01780106114767
2025-04-25 11:28:59,19.631385803222656,0,136.79492607968254,117.14674594209848
2025-04-25 11:29:33,21.68440818786621,0,183.83075422982685,117.57773446526394
2025-04-25 11:30:07,20.011425018310547,0,112.1565738170241,116.63715698736466
2025-04-25 11:30:42,19.269227981567383,0,118.1082297035708,118.66038931156098
2025-04-25 11:31:16,20.03002166748047,0,151.3615956792258,119.08907441964008
2025-04-25 11:31:50,19.919157028198242,0,120.49342416668327,116.71873961788891
2025-04-25 11:32:25,20.946502685546875,0,155.70661830474694,117.86493527918893
2025-04-25 11:32:59,22.663354873657227,0,135.02202404586606,119.26691823546552
2025-04-25 11:33:33,67.7030086517334,0,143.32356184833924,119.77519639263137
2025-04-25 11:34:08,22.90487289428711,0,120.1712012999613,118.49954950340849
2025-04-25 11:34:43,23.14281463623047,0,172.32420607054328,118.94649354237878
2025-04-25 11:35:17,20.25747299194336,0,159.8506861363974,118.13197469384934
2025-04-25 11:35:51,20.525693893432617,0,195.71907484163282,119.74030797621174
2025-04-25 11:36:26,20.709991455078125,0,143.98922145425047,118.3322791961032
2025-04-25 11:37:01,30.713319778442383,0,188.03240694053147,120.45762727376419
2025-04-25 11:37:36,20.79153060913086,0,178.00875744115,116.55942736287169
2025-04-25 11:38:11,20.890474319458008,0,177.22929431344275,120.22960200748174
2025-04-25 11:38:45,19.292116165161133,0,163.99569255750652,117.71576774686703
2025-04-25 11:39:20,20.769119262695312,0,140.50796053754038,119.83006355910138
2025-04-25 11:39:55,20.11895179748535,0,172.31225789909388,117.19354310412648
2025-04-25 11:40:29,74.59759712219238,0,202.87781256036055,120.22000902889582
2025-04-25 11:41:04,68.09043884277344,0,176.12318704378777,121.15108210820645
2025-04-25 11:41:38,20.210742950439453,0,195.1810856848005,119.43286197756906
2025-04-25 11:42:13,20.581960678100586,0,187.95760551553758,119.10984319366038
2025-04-25 11:42:47,20.63274383544922,0,182.89893201128677,122.90887695782168
2025-04-25 11:43:21,20.188570022583008,0,159.93277137541375,109.31865242776935
2025-04-25 11:43:56,49.65567588806152,0,151.19277370120562,117.3514932161429
2025-04-25 11:44:31,66.6499137878418,0,133.95168967381204,111.53611482203085
2025-04-25 11:45:06,21.486759185791016,0,123.01819263658102,116.65822719969323
2025-04-25 11:45:40,19.980192184448242,0,144.93671100481072,107.72692457742332
2025-04-25 11:46:14,20.025968551635742,0,157.5556175078426,117.51476855589864
2025-04-25 11:46:49,53.020477294921875,0,177.4644276667794,120.34385866224332
2025-04-25 11:47:23,19.05369758605957,0,133.02361788988318,118.7266714793706
2025-04-25 11:47:59,20.35379409790039,0,145.51793680875764,111.37180880054049
2025-04-25 11:48:33,20.340681076049805,0,133.48167317472482,118.23842422852269
2025-04-25 11:49:07,23.97298812866211,0,177.87984498323266,121.06773381361435
2025-04-25 11:49:41,20.31087875366211,0,191.23843287935475,119.03435992530827
2025-04-25 11:50:15,19.841909408569336,0,152.61479533333318,118.6890244114312
2025-04-25 11:50:49,24.559497833251953,0,185.55410694376602,116.27823094745429
2025-04-25 11:51:23,29.83379364013672,0,161.39889798023242,109.58636271237698
2025-04-25 11:51:57,76.6904354095459,0,164.93125830515913,119.45403549169131
2025-04-25 11:52:30,43.523550033569336,0,198.49386612595944,139.36062379371043
2025-04-25 11:53:02,20.916461944580078,0,176.37350140804634,140.9751588756749
2025-04-25 11:53:37,20.2023983001709,0,194.50153290315458,119.84405662727562
2025-04-25 11:54:10,22.4759578704834,0,199.7828763607583,139.1106314879251
2025-04-25 11:54:44,44.10958290100098,0,187.35898309388364,125.30554919024567
2025-04-25 11:55:18,49.17097091674805,0,192.95529136030953,123.45820136144164
2025-04-25 11:55:50,20.679712295532227,0,168.7527627014111,140.96976000879522
2025-04-25 11:56:23,20.25294303894043,0,132.1413565479451,134.07448411995858
2025-04-25 11:56:57,21.129369735717773,0,179.89890403793595,135.24319223711242
2025-04-25 11:57:31,50.37689208984375,0,195.98087484546775,120.42422052149811
2025-04-25 11:58:05,20.471811294555664,0,172.50671531646563,121.17633983841766
2025-04-25 11:58:38,20.49708366394043,0,170.81190927532316,124.62840680536337
2025-04-25 11:59:13,79.44130897521973,0,158.12314324927098,121.07828502603179
2025-04-25 11:59:46,24.469375610351562,0,147.0171680111112,145.4033647317692
2025-04-25 12:00:20,26.83091163635254,0,153.883337910595,120.45247424415236
2025-04-25 12:00:54,20.668745040893555,0,186.85672757566033,117.1408574645794
2025-04-25 12:01:26,19.050121307373047,0,155.35867557938894,145.44899806455504
2025-04-25 12:01:59,19.232749938964844,0,169.6574446011903,141.743423715509
2025-04-25 12:02:31,19.97518539428711,0,194.7317275550113,133.95610329478384
2025-04-25 12:03:04,18.430471420288086,0,140.71170130849666,142.2308599168316
2025-04-25 12:03:37,25.632143020629883,0,157.1279171883232,135.6387292645841
2025-04-25 12:04:10,20.632505416870117,0,171.7262612793481,121.58745049450198
2025-04-25 12:04:45,19.67597007751465,0,139.2745717876094,117.0274836132024
2025-04-25 12:05:19,19.86861228942871,0,152.44339159190113,118.32368194195108
2025-04-25 12:05:53,20.8587646484375,0,198.4381408203647,121.07594508283762
2025-04-25 12:06:26,19.461870193481445,0,140.366962881055,118.06089909641699
2025-04-25 12:07:00,18.961429595947266,0,102.29260694634475,50.05069291934922
2025-04-25 12:07:34,18.43881607055664,0,134.00648303188345,117.49054945599761
2025-04-25 12:08:08,18.26310157775879,0,128.4479832092588,115.09093078112056
2025-04-25 12:08:42,21.515369415283203,0,189.51451211622742,117.45582232531258
2025-04-25 12:09:15,20.1566219329834,0,159.9838690367787,104.93782029743394
2025-04-25 12:10:19,21.244525909423828,0,132.9191030168708,118.195648215399
2025-04-25 12:10:53,19.849777221679688,0,125.34746147849168,111.54984517180034
2025-04-25 12:11:27,35.11834144592285,0,139.75279678441504,114.55220422600074
2025-04-25 12:12:01,19.78778839111328,0,130.25575790590548,108.00971077833323
2025-04-25 12:12:35,19.71602439880371,0,130.40457385362734,114.20000197268274
2025-04-25 12:13:08,19.823312759399414,0,116.29704535867648,40.08788088978646
2025-04-25 12:13:43,19.728422164916992,0,165.9953207813119,104.83186428133976
2025-04-25 12:14:16,19.02461051940918,0,139.36510919256597,110.11837298138323
2025-04-25 12:14:50,19.951581954956055,0,142.95161969097657,117.37443137978231
2025-04-25 12:15:24,19.09327507019043,0,202.0074984783351,125.43382419941899
2025-04-25 12:15:57,40.110111236572266,0,147.68991358033668,116.71002425772426
2025-04-25 12:16:31,20.55811882019043,0,119.4866886792264,111.79315797593335
2025-04-25 12:17:05,23.92578125,0,146.36023426181546,119.6747794249194
2025-04-25 12:17:39,20.969629287719727,0,142.13507614348936,118.5590050745601
2025-04-25 12:18:12,19.68097686767578,0,139.2158565013021,134.072554795019
2025-04-25 12:18:46,19.12403106689453,0,164.14193045212198,120.76619720110607
2025-04-25 12:19:20,17.899274826049805,0,130.7883413324994,51.96966235671766
2025-04-25 12:19:53,19.01841163635254,0,138.27874086201646,112.16592356130415
2025-04-25 12:20:27,19.290924072265625,0,119.29121040091654,41.422351907158294
2025-04-25 12:21:01,20.02406120300293,0,142.75656358751692,103.51456019778283
2025-04-25 12:21:35,23.343324661254883,0,100.65966496155507,44.899675031763344
2025-04-25 12:22:08,21.18086814880371,0,151.74732967393788,98.60832178033284
2025-04-25 12:22:42,61.310768127441406,0,173.58615979559286,113.94607914370714
2025-04-25 12:23:17,20.41006088256836,0,84.62769576453306,40.98632119877844
2025-04-25 12:23:50,21.147489547729492,0,156.89799148687328,125.97703142093413
2025-04-25 12:24:24,21.268367767333984,0,105.26056467134286,91.2655723508804
2025-04-25 12:24:58,20.368337631225586,0,158.44350468807764,115.57485188846394
2025-04-25 12:25:32,21.07405662536621,0,152.02818116503175,119.91327105573468
2025-04-25 12:26:06,19.965171813964844,0,159.10982089568193,111.82492669538127
2025-04-25 12:26:40,25.50673484802246,0,127.13086008968025,57.04528867741761
2025-04-25 12:27:14,25.888442993164062,0,100.07654673847104,45.63281097058892
2025-04-25 12:27:48,18.475055694580078,0,154.36246918431445,115.0207933305248
2025-04-25 12:28:22,21.52419090270996,0,170.90163609132378,114.89582257678018
2025-04-25 12:28:56,21.836519241333008,0,119.91320299784194,55.8544379331477
2025-04-25 12:29:30,20.038843154907227,0,146.42496919149178,114.63242462509443
2025-04-25 12:30:04,20.430564880371094,0,130.6801495614286,116.69290382639959
2025-04-25 12:30:38,19.78468894958496,0,128.13551583848664,110.94629936601389
2025-04-25 12:31:12,19.51742172241211,0,124.55901975026667,116.45254850152239
2025-04-25 12:31:46,18.57471466064453,0,182.64856883628033,118.53878398594611
2025-04-25 12:32:20,21.259784698486328,0,148.46719339538035,119.75334668581384
2025-04-25 12:32:54,20.115137100219727,0,100.35824206209813,55.568431283633046
2025-04-25 12:33:28,20.986557006835938,0,144.5779715604787,117.6512963727882
2025-04-25 12:34:02,19.627094268798828,0,151.5255582807192,117.69779843865189
2025-04-25 12:34:36,19.38462257385254,0,180.76086395842827,117.33367366275598
2025-04-25 12:35:10,21.214008331298828,0,170.72256815590606,117.77178668369308
2025-04-25 12:35:44,20.615816116333008,0,145.89681127356658,116.62606446839948
2025-04-25 12:36:18,20.634174346923828,0,147.24256210083442,113.93584927650285
2025-04-25 12:36:52,20.02120018005371,0,153.13684868050677,119.39486419224428
2025-04-25 12:37:26,19.939422607421875,0,175.7063322988092,118.78135389178203
2025-04-25 12:37:59,47.57976531982422,0,122.21069108585603,121.06137132323265
2025-04-25 12:38:26,42.249441146850586,0,11.248837725198413,0.0
2025-04-25 12:39:01,108.05273056030273,0,196.0869150833037,117.3369251404002
2025-04-25 12:39:35,20.451068878173828,0,328.4516125767956,124.27952589596913
2025-04-25 12:40:16,19.94037628173828,0,218.5722150717639,11.367296688597419
2025-04-25 12:40:50,44.21734809875488,0,309.0322227278528,128.48026355847182
2025-04-25 12:41:24,20.2023983001709,0,320.3077177322056,126.05764156754918
2025-04-25 12:41:55,485.6538772583008,0,450.235369369067,123.1976881459017
2025-04-25 12:42:29,26.6265869140625,0,318.0563087375719,119.46963220427925
2025-04-25 12:42:54,,100,,
2025-04-25 12:43:06,,100,,
2025-04-25 12:43:22,,100,,
2025-04-25 12:43:36,,100,,
2025-04-25 12:43:49,,100,,
2025-04-25 12:44:04,,100,,
2025-04-25 12:44:19,,100,,
2025-04-25 12:44:33,,100,,
2025-04-25 12:44:47,,100,,
2025-04-25 12:45:01,,100,,
2025-04-25 12:45:15,,100,,
2025-04-25 12:45:30,,100,,
2025-04-25 12:45:44,,100,,
2025-04-25 12:45:58,,100,,
2025-04-25 12:46:12,,100,,
2025-04-25 12:46:26,,100,,
2025-04-25 12:46:41,,100,,
2025-04-25 12:46:55,,100,,
2025-04-25 12:47:09,,100,,
2025-04-25 12:47:23,,100,,
2025-04-25 12:47:37,,100,,
2025-04-25 12:47:51,,100,,
2025-04-25 12:48:06,,100,,
2025-04-25 12:48:20,,100,,
2025-04-25 12:48:34,,100,,
2025-04-25 12:48:48,,100,,
2025-04-25 12:49:02,,100,,
2025-04-25 12:49:17,,100,,
2025-04-25 12:49:31,,100,,
2025-04-25 12:49:44,,100,,
2025-04-25 12:49:58,,100,,
2025-04-25 12:50:13,,100,,
2025-04-25 12:50:27,,100,,
2025-04-25 12:50:42,,100,,
2025-04-25 13:07:45,95.5655574798584,0,528.3670960240764,116.35679730586648
2025-04-25 13:08:13,22.585391998291016,0,496.8460669483893,175.64816793513722
2025-04-25 13:08:43,20.313024520874023,0,478.11469962224993,146.3032522252558
2025-04-25 13:09:16,31.634092330932617,0,287.1943696528875,139.33667150149208
2025-04-25 13:09:51,20.287275314331055,0,260.789561384037,118.28643076659152
2025-04-25 13:10:59,20.671844482421875,0,413.5254170441321,128.55071432294145
2025-04-25 13:11:36,90.94500541687012,0,299.686223550741,73.9336154766028
2025-04-25 13:12:07,21.337509155273438,0,301.4760491505706,160.20389305298784
2025-04-25 13:12:43,50.4450798034668,0,314.9930323896752,129.23165074299087
2025-04-25 13:13:18,20.458459854125977,0,293.63878303446586,116.91356774755
2025-04-25 13:13:44,20.795583724975586,0,532.5115327279386,174.04245810023647
2025-04-25 13:14:19,23.015975952148438,0,258.5146851816176,67.62681252842962
2025-04-25 13:14:45,20.84493637084961,0,588.3106123654705,171.2216929445088
2025-04-25 13:15:16,20.493030548095703,0,399.4089044994202,147.1406821162301
2025-04-25 13:15:46,21.04783058166504,0,321.66230018972345,176.13340917854546
2025-04-25 13:16:20,20.811080932617188,0,325.1073438427959,139.2135350942595
2025-04-25 13:16:47,20.895719528198242,0,537.1081803626771,180.84837078843077
2025-04-25 13:17:15,21.329402923583984,0,522.035595362652,155.90640510859612
2025-04-25 13:17:48,77.68678665161133,0,323.760585831618,172.99000792476997
2025-04-25 13:18:15,20.627260208129883,0,534.9979686335384,175.43380467077347
2025-04-25 13:18:45,21.086692810058594,0,425.2460880902153,137.93996492679108
2025-04-25 13:19:17,21.082162857055664,0,432.12132235758776,120.6466096306653
2025-04-25 13:19:41,22.462129592895508,0,668.6949286885894,229.98451956831624
2025-04-25 13:20:07,21.0723876953125,0,597.5265939637933,172.92158284000337
2025-04-25 13:20:31,21.327495574951172,0,702.2674045659746,231.94268925986466
2025-04-25 13:21:01,21.255970001220703,0,498.65906891693885,126.97347525530013
2025-04-25 13:21:27,20.774126052856445,0,602.0815264578081,173.71496207647675
2025-04-25 13:21:52,20.958423614501953,0,518.0954697580397,239.3340282058649
2025-04-25 13:22:21,20.864248275756836,0,568.3253061637602,128.6666638144452
2025-04-25 13:22:50,20.972013473510742,0,636.5783863265025,125.22379812590981
2025-04-25 13:23:16,20.94578742980957,0,526.9981716492005,239.5142776933174
2025-04-25 13:23:43,20.83611488342285,0,512.4668737810131,174.0947612505126
2025-04-25 13:24:09,20.922183990478516,0,608.8290322513116,173.86674656077568
2025-04-25 13:24:32,21.207571029663086,0,672.0437397973429,239.12892680610082
2025-04-25 13:25:06,20.794391632080078,0,285.4559636551877,81.19822671075725
2025-04-25 13:25:32,21.000146865844727,0,618.011151895362,175.86201725649147
2025-04-25 13:25:58,20.68352699279785,0,628.1836682636072,171.1343036126534
2025-04-25 13:26:24,21.0721492767334,0,604.1282628695997,174.59960382854504
2025-04-25 13:26:53,20.59650421142578,0,521.5235240451943,141.93769424000118
2025-04-25 13:27:21,21.038055419921875,0,654.4932710968136,139.89718100697405
2025-04-25 13:27:47,20.585298538208008,0,576.9114360605453,172.3190552602481
2025-04-25 13:28:21,20.948410034179688,0,237.1544065228794,83.22991442023807
2025-04-25 13:28:55,21.229267120361328,0,234.5783117734222,76.01204587941558
2025-04-25 13:29:24,21.43073081970215,0,502.5875663326361,145.3156557950603
2025-04-25 13:29:58,22.611141204833984,0,324.8027728782739,69.19021158581769
2025-04-25 13:30:13,21.08621597290039,0,,
2025-04-25 13:30:39,20.660400390625,0,601.1827444967722,173.56776670290216
2025-04-25 13:31:07,21.131515502929688,0,480.60691111334535,172.80469677092
2025-04-25 13:31:35,21.057844161987305,0,457.9796564236558,175.46083687293836
2025-04-25 13:32:08,20.642995834350586,0,326.76538352565336,130.25980168307697
2025-04-25 13:32:35,21.370887756347656,0,535.2610040849748,175.77917513074667
2025-04-25 13:33:08,21.648168563842773,0,317.212868329357,132.88652905724265
2025-04-25 13:33:33,20.865678787231445,0,641.2368231674021,175.20205604409549
2025-04-25 13:34:03,20.441532135009766,0,455.9401098906501,144.82535347469505
2025-04-25 13:34:31,21.291255950927734,0,436.52101572661974,174.08498014259672
2025-04-25 13:35:01,20.8587646484375,0,442.1651779540764,141.67707771485766
2025-04-25 13:35:24,20.993947982788086,0,749.7262990433044,235.85993970524183
2025-04-25 13:35:54,20.77031135559082,0,472.1633062429331,139.95169116026136
2025-04-25 13:36:21,20.694494247436523,0,599.7954236303879,144.99559039748237
2025-04-25 13:36:48,20.77007293701172,0,570.0133580111885,173.6461788182663
2025-04-25 13:37:17,20.908832550048828,0,382.4261669770882,177.70987841511425
2025-04-25 13:37:42,20.949363708496094,0,530.2642695094565,236.91079238159955
2025-04-25 13:38:08,20.592927932739258,0,623.3441758007227,175.20111908501383
2025-04-25 13:38:38,20.98846435546875,0,338.8892225387626,173.7425902515397
2025-04-25 13:39:12,20.38288116455078,0,291.6056146130452,75.71392449181852
2025-04-25 13:39:39,20.50495147705078,0,514.6742264703092,173.9010591278091
2025-04-25 13:40:07,20.83873748779297,0,473.00519878405146,173.89897344887945
2025-04-25 13:40:35,20.561695098876953,0,476.1418170130621,173.11693017151055
2025-04-25 13:41:01,21.086931228637695,0,566.4821376136437,173.58654275966606
2025-04-25 13:41:32,,100,384.1526761584954,146.1182591337876
2025-04-25 13:42:00,20.51711082458496,0,432.15292326288437,176.92278521086672
2025-04-25 13:42:26,21.06785774230957,0,583.692854492949,174.08595520253803
2025-04-25 13:42:59,20.88475227355957,0,312.9930039949369,136.83736910903767
2025-04-25 13:43:33,21.388769149780273,0,206.3978677668843,62.50193248545791
2025-04-25 13:44:01,20.452260971069336,0,479.5600441663916,159.04804559521162
2025-04-25 13:44:28,20.745515823364258,0,531.2068291564274,173.8425244004105
2025-04-25 13:44:55,20.895004272460938,0,542.6530567714697,174.70337179861522
2025-04-25 13:45:25,20.83420753479004,0,394.10643587477506,146.14902445991746
2025-04-25 13:45:58,21.58665657043457,0,326.63582043379665,139.1773914964008
2025-04-25 13:46:26,21.394968032836914,0,433.9589658953281,176.6896615394749
2025-04-25 13:46:47,20.991086959838867,0,806.7104930435828,431.58724189591766
2025-04-25 13:47:15,20.49732208251953,0,607.2594967552388,146.17296318165197
2025-04-25 13:47:46,21.009445190429688,0,410.9101194830175,125.82755745086709
2025-04-25 13:48:15,20.903587341308594,0,359.2984842793396,180.01737808484742
2025-04-25 13:48:45,20.994186401367188,0,529.4228538722703,124.08380485967432
2025-04-25 13:49:15,21.35634422302246,0,364.436047323119,177.50321548445336
2025-04-25 13:49:44,21.074533462524414,0,360.89423366785866,180.43213250394666
2025-04-25 13:50:18,21.334409713745117,0,253.6430480305757,80.56588882334016
2025-04-25 13:50:47,21.00658416748047,0,508.0403065800692,142.32214045207596
2025-04-25 13:51:16,21.549224853515625,0,577.261651130927,128.46883766474406
2025-04-25 13:51:38,20.918846130371094,0,661.028283753044,388.322216296412
2025-04-25 13:52:06,21.227598190307617,0,583.0934360756809,144.53226240493748
2025-04-25 13:52:35,21.12293243408203,0,369.35302230399475,177.79241761739885
2025-04-25 13:53:07,20.872116088867188,0,349.1643128567066,143.49971967297066
2025-04-25 13:53:36,20.881175994873047,0,376.1774650689962,179.08564066097173
2025-04-25 13:54:10,21.00396156311035,0,246.77891991908967,76.8779999216509
2025-04-25 13:54:30,20.311832427978516,0,800.6680390625352,421.85949322544695
2025-04-25 13:54:57,20.735740661621094,0,617.1282878598084,171.6353449734557
2025-04-25 13:55:30,22.43185043334961,0,313.32788191590606,72.07292599917606
2025-04-25 13:55:55,20.85089683532715,0,397.8420282687827,421.0117580378214
2025-04-25 13:56:16,20.976781845092773,0,793.6926921445936,404.76971108219226
2025-04-25 13:56:48,20.838022232055664,0,352.6371226817108,134.5631916621071
2025-04-25 13:57:10,20.68638801574707,0,605.2811287783861,409.7989477980343
2025-04-25 13:57:35,20.59006690979004,0,375.97753478332845,426.4355857423636
2025-04-25 13:58:07,21.098852157592773,0,361.91508013479864,138.43423436098502
2025-04-25 13:58:37,21.36087417602539,0,361.68506451864107,179.25900244524135
2025-04-25 13:59:03,21.160125732421875,0,628.8008264587619,174.78545732021814
2025-04-25 13:59:23,21.191120147705078,0,798.2951043603618,418.34875856338914
2025-04-25 13:59:57,20.52474021911621,0,247.46567126631447,79.03633705490391
2025-04-25 14:00:10,21.18968963623047,0,,
2025-04-25 14:00:39,20.668983459472656,0,602.7321109877128,129.07074745354117
2025-04-25 14:01:07,20.746946334838867,0,414.4809906084584,174.0938936098357
2025-04-25 14:01:34,20.66659927368164,0,527.857184524305,173.19512839961325
2025-04-25 14:01:59,20.84970474243164,0,425.70487565624944,411.9495109188929
2025-04-25 14:02:20,21.25692367553711,0,679.2088678808382,417.8516293038445
2025-04-25 14:02:47,20.859956741333008,0,537.9148693208349,173.2561004604052
2025-04-25 14:03:19,21.054983139038086,0,308.6410440762741,134.6870840583493
2025-04-25 14:03:47,20.920991897583008,0,506.5630175735496,172.6787434421696
2025-04-25 14:04:20,20.796537399291992,0,326.2950204393463,81.38506642501662
2025-04-25 14:04:53,20.394086837768555,0,279.2882999563068,135.8476516281868
2025-04-25 14:05:16,21.129608154296875,0,510.8187172669607,182.66840187296384
2025-04-25 15:50:00,,100,46.13463914625193,118.8008944707795
2025-04-25 15:50:45,868.22509765625,0,7.408935648492557,63.61667839660091
2025-04-25 15:51:19,24.145126342773438,0,14.160660426715177,13.05281417541655
2025-04-25 15:52:00,165.38023948669434,0,48.29276804050007,116.93078513688022
2025-04-25 15:52:34,24.889707565307617,0,2.563937967814665,75.52367231789432
2025-04-25 15:53:08,22.115468978881836,0,26.213588015688906,116.94501005179342
2025-04-25 15:53:42,22.2322940826416,0,4.091597768329782,4.1059974024256904
2025-04-25 15:54:17,22.377490997314453,0,16.978589945959882,98.82088034003164
2025-04-25 15:54:50,29.132843017578125,0,29.324646309729133,118.31162883845413
2025-04-25 15:55:23,28.09906005859375,0,100.82553279080078,144.11833914305387
2025-04-25 15:55:56,22.992610931396484,0,80.48311325343663,128.21025776559603
2025-04-25 15:56:28,23.20384979248047,0,57.97669753848434,143.10395897124477
2025-04-25 15:57:01,23.21600914001465,0,40.53291251701571,142.1892464289029
2025-04-25 15:57:34,22.74155616760254,0,89.59640294123275,132.03097633074114
2025-04-25 15:58:05,22.730350494384766,0,50.83038518068104,157.91937870996108
2025-04-25 15:58:37,24.704933166503906,0,131.14581487951952,146.06291136051138
2025-04-25 15:59:10,22.329092025756836,0,128.04764905116545,135.10251653049707
2025-04-25 15:59:43,23.75650405883789,0,69.40306696607448,130.21345991067045
2025-04-25 16:00:13,23.206233978271484,0,53.93761370608779,189.12290283361497
2025-04-25 16:00:46,22.794485092163086,0,98.69511589228857,130.74116603928562
2025-04-25 16:01:18,25.500774383544922,0,98.514651752508,155.07040831691376
2025-04-25 16:01:50,22.797584533691406,0,35.097833979368374,136.6563752964431
2025-04-25 16:02:21,22.52054214477539,0,180.3923218121762,168.1722983420706
2025-04-25 16:02:55,22.732257843017578,0,143.49279287303463,119.95933514915895
2025-04-25 16:03:26,23.16594123840332,0,98.60881600357749,147.10211764744741
2025-04-25 16:03:58,22.57394790649414,0,104.02368901585947,148.68293586959584
2025-04-25 16:04:31,23.27752113342285,0,66.72650995674228,130.0708078047679
2025-04-25 16:05:03,23.01335334777832,0,84.53274820629323,142.46659303234907
2025-04-25 16:05:36,32.40513801574707,0,62.535446013332766,127.86716465082675
2025-04-25 16:06:09,22.742509841918945,0,89.20423912599685,132.16946820665783
2025-04-25 16:06:42,23.47850799560547,0,158.7820366519874,126.72818720294634
2025-04-25 16:07:15,23.862361907958984,0,145.6877078957096,119.89878868306347
2025-04-25 16:07:49,23.41437339782715,0,176.8702584091049,125.96533167472663
2025-04-25 16:08:23,23.68617057800293,0,128.5740987426306,118.39015912562668
2025-04-25 16:08:56,23.30160140991211,0,72.35076989153224,119.9936147242274
2025-04-25 16:09:28,23.39482307434082,0,103.2487671605908,145.42580008512078
2025-04-25 16:10:01,23.873329162597656,0,78.11014381393406,132.3787939840941
2025-04-25 16:10:35,23.590087890625,0,53.39654008544122,107.31552496560793
2025-04-25 16:11:08,24.660825729370117,0,36.937478518885584,117.23341084237937
2025-04-25 16:11:42,23.14591407775879,0,95.37080321912218,120.72028286946474
2025-04-25 16:12:16,22.527456283569336,0,83.71190051581796,120.8099646961366
2025-04-25 16:12:49,25.251388549804688,0,85.82842235979608,118.23408559883688
2025-04-25 16:13:22,22.85480499267578,0,59.590987124341446,131.38207476551023
2025-04-25 16:13:56,23.11992645263672,0,136.20355520469553,119.90554079826049
2025-04-25 16:14:29,24.863481521606445,0,45.284567911763155,119.34859964390527
2025-04-25 16:15:04,27.254819869995117,0,99.95304593699991,121.15326305370249
2025-04-25 16:15:36,21.178722381591797,0,42.83183440190291,130.22427628979693
2025-04-25 16:16:10,22.63474464416504,0,52.88517919845808,116.23303926150203
2025-04-25 16:16:44,25.74944496154785,0,33.342459188687116,116.96661706692139
2025-04-25 16:17:18,22.951364517211914,0,79.51947607021212,97.6511613672008
2025-04-25 16:17:50,21.558046340942383,0,155.17082855619418,135.45954461080257
2025-04-25 16:18:24,25.21347999572754,0,27.827240526421512,119.07841758605572
2025-04-25 16:18:55,23.576021194458008,0,65.46655069070279,162.63223189984097
2025-04-25 16:19:28,27.553796768188477,0,33.37857964717017,145.35094313921027
2025-04-25 16:20:01,27.611255645751953,0,31.345101815862446,126.35996740496019
2025-04-25 16:20:34,23.53525161743164,0,24.659846196731593,130.41732000083397
2025-04-25 16:21:08,24.802684783935547,0,27.40056394030118,118.28859077787776
2025-04-25 16:21:42,24.568796157836914,0,31.625674868842065,121.68347638025838
2025-04-25 16:22:15,23.513078689575195,0,29.10020879447627,134.235226699789
2025-04-25 16:22:48,22.461652755737305,0,32.456372151199275,117.55044709133519
2025-04-25 16:23:22,22.18794822692871,0,30.9622507970671,120.5536236229242
2025-04-25 16:23:55,23.067712783813477,0,25.504411366911384,121.23835056821761
2025-04-25 16:24:28,28.734683990478516,0,34.76650280413359,129.21285090726266
2025-04-25 16:25:01,23.101329803466797,0,29.050921434888348,133.51947492318993
2025-04-25 16:25:34,24.470090866088867,0,38.84167308504909,122.40768171067747
2025-04-25 16:26:08,21.811962127685547,0,29.584361908319718,122.17378149407284
2025-04-25 16:26:42,22.97353744506836,0,32.44963866174233,120.80085911989947
2025-04-25 16:27:15,24.76334571838379,0,39.756784327186885,120.69423376542049
2025-04-25 16:27:48,24.26910400390625,0,32.52656370798182,128.67816863821588
2025-04-25 16:28:21,24.532079696655273,0,29.476231170475884,135.72256570672252
2025-04-25 16:28:55,22.968292236328125,0,31.84727140495238,120.47564260037132
2025-04-25 16:29:28,23.009300231933594,0,30.584203594116207,120.03627384041074
2025-04-25 16:30:01,22.97210693359375,0,29.957695161455735,138.0257485540287
2025-04-25 16:30:36,23.03481101989746,0,31.960097838419788,124.58188078593484
2025-04-25 16:31:10,22.156238555908203,0,29.023179393871413,121.51850865850905
2025-04-25 16:31:43,30.646324157714844,0,31.723497058969166,125.12947693089
2025-04-25 16:32:16,21.875619888305664,0,33.11978333173312,128.4114992441136
2025-04-25 16:32:50,23.207902908325195,0,31.14390336670645,127.01875569071711
2025-04-25 16:33:24,22.72176742553711,0,29.628913285965538,119.81545944504435
2025-04-25 16:33:57,23.34141731262207,0,32.671137497406384,121.08542486724075
2025-04-25 16:34:30,23.46181869506836,0,35.573604119067674,131.8930197867337
2025-04-25 16:35:03,23.617982864379883,0,29.88578158595829,127.77139059165586
2025-04-25 16:35:37,23.260116577148438,0,34.96959552498555,122.61878580600758
2025-04-25 16:36:10,25.246381759643555,0,28.032869106922554,139.9502724669553
2025-04-25 16:36:42,22.92799949645996,0,37.36379108724644,138.34148291850855
2025-04-25 16:37:15,21.805763244628906,0,32.830961800352995,142.4240231955262
2025-04-25 16:37:47,22.3388671875,0,63.778361857599315,145.17040225169234
2025-04-25 16:38:19,22.048234939575195,0,34.86751748784833,129.976155404978
2025-04-25 16:38:53,22.048473358154297,0,57.595249035891385,108.02934943437604
2025-04-25 16:39:27,23.190021514892578,0,36.70345340903319,95.58147432603322
2025-04-25 16:40:01,22.16815948486328,0,40.13956334384342,116.630632702012
2025-04-25 16:40:35,25.03514289855957,0,30.305968325763413,119.11273782532588
2025-04-25 16:41:08,22.114038467407227,0,46.549723009453224,119.62247044623115
2025-04-25 16:41:42,23.238420486450195,0,35.33444857384634,120.14069807119594
2025-04-25 16:42:15,23.4832763671875,0,26.168490363788422,127.32828142421741
2025-04-25 16:42:47,22.389650344848633,0,32.33227714812136,159.47982704502942
2025-04-25 16:43:19,30.66110610961914,0,152.83366599675,137.30047698401015
2025-04-25 16:43:52,22.298574447631836,0,30.410442867916416,130.122414515138
2025-04-25 16:44:25,25.278091430664062,0,28.5971594453921,122.61370540254634
2025-04-25 16:44:59,23.67234230041504,0,49.10939299980956,135.98983535577457
2025-04-25 16:45:32,22.717952728271484,0,161.47232095420665,119.70824623129681
2025-04-25 16:46:05,23.101329803466797,0,34.69930848177536,136.94921525967862
2025-04-25 16:46:37,21.623849868774414,0,86.59708787763057,135.05506867710636
2025-04-25 16:47:11,24.6737003326416,0,47.40344795960073,117.64311268494431
2025-04-25 16:47:44,23.174285888671875,0,47.08570658491428,122.18047820037766
2025-04-25 16:48:18,23.021459579467773,0,31.91254946345883,128.3963372333365
2025-04-25 16:48:51,21.735668182373047,0,39.535692108804724,118.20225646485753
2025-04-25 16:49:24,22.2928524017334,0,39.11211788100488,135.341994560712
2025-04-25 16:49:57,21.713733673095703,0,120.22166821448965,137.697793590992
2025-04-25 16:50:29,26.169300079345703,0,125.7371320734132,148.6484513496709
2025-04-25 16:51:03,23.35953712463379,0,41.484054237583884,118.09394626579511
2025-04-25 16:51:36,23.6203670501709,0,43.16902224039916,133.7988917270197
2025-04-25 16:52:09,23.119449615478516,0,134.2415869650838,129.4465637980785
2025-04-25 16:52:42,25.115013122558594,0,158.19489154017953,119.07819712867953
2025-04-25 16:53:14,23.316144943237305,0,147.27377419176926,150.58327974169893
2025-04-25 16:53:46,22.596120834350586,0,143.69235221383101,149.16951014592854
2025-04-25 16:54:19,26.148080825805664,0,103.14296002140921,126.27584856007397
2025-04-25 16:54:53,23.259878158569336,0,54.77220115841023,120.93199998191346
2025-04-25 16:55:27,,100,62.73049599331693,178.07841172415706
2025-04-25 16:55:59,22.595643997192383,0,62.23375377048785,139.94413589574415
2025-04-25 17:49:26,32.27877616882324,0,74.2079916555674,169.98481647576767
2025-04-25 17:49:59,21.98028564453125,0,37.31397011376911,125.03594002045239
2025-04-25 17:50:31,23.05006980895996,0,37.35753599775105,156.95035991148984
2025-04-25 17:51:03,22.107601165771484,0,45.04861750506815,180.9940361235384
2025-04-25 17:51:37,21.238327026367188,0,39.70798487715783,105.96989795210057
2025-04-25 17:52:23,419.2006587982178,0,20.64820739897295,75.28073033253774
2025-04-25 17:53:01,112.29610443115234,0,12.492064351408033,13.51600160240265
2025-04-25 17:53:34,24.42193031311035,0,88.15222374549974,120.36647950792968
2025-04-25 17:54:08,23.82969856262207,0,60.58986052661827,122.26263968856516
2025-04-25 17:54:40,23.853063583374023,0,61.28653089985995,134.9420363367323
2025-04-25 17:55:14,22.710323333740234,0,59.404765326293926,123.66275562549275
2025-04-25 17:55:47,23.20718765258789,0,72.15339150624786,135.38454074199774
2025-04-25 17:56:19,22.967100143432617,0,107.1069681760971,142.84312789459986
2025-04-25 17:56:51,22.623300552368164,0,141.14649064744816,137.26860744149386
2025-04-25 17:57:23,22.611618041992188,0,123.62488880741077,145.92533741237645
2025-04-25 17:57:55,21.528005599975586,0,140.10420819175934,145.80458004595963
2025-04-25 17:58:27,29.000282287597656,0,159.68429239859492,137.23005321836058
2025-04-25 17:58:59,25.910615921020508,0,94.49324647194162,154.37756542994114
2025-04-25 17:59:32,22.87745475769043,0,139.96262407737248,129.88094900280052
2025-04-25 18:00:05,23.100614547729492,0,73.3787651909022,126.75876969426766
2025-04-25 18:00:39,23.067951202392578,0,56.725467686978455,120.45990012055145
2025-04-25 18:02:21,88.24276924133301,0,104.23626954523601,118.39953414473594
2025-04-25 18:02:54,25.78115463256836,0,105.2412722131059,130.39926640599367
2025-04-25 18:03:28,27.643203735351562,0,135.23597470426625,116.36472380291863
2025-04-25 18:04:02,38.97404670715332,0,120.54754075474803,129.50345244647332
2025-04-25 18:04:35,23.909807205200195,0,136.74017499761007,131.47107185192806
2025-04-25 18:05:10,22.53127098083496,0,94.28964635668997,117.13117761825023
2025-04-25 18:05:44,22.861719131469727,0,120.33707341165791,117.05057544746143
2025-04-25 18:06:17,23.462533950805664,0,135.30120605335392,130.92736688160946
2025-04-25 18:06:51,22.210359573364258,0,134.48493361957085,120.01657064793734
2025-04-25 18:07:25,24.634122848510742,0,127.03228534979911,118.61837802432323
2025-04-25 18:07:59,25.98428726196289,0,111.29515451584798,120.8494377158596
2025-04-25 18:08:32,33.394813537597656,0,131.3396117275426,117.45126159682373
2025-04-25 18:09:06,23.858308792114258,0,124.37778374370174,119.12580961722148
2025-04-25 18:09:39,25.466203689575195,0,166.77286388915155,141.9480643757955
2025-04-25 18:10:13,24.72090721130371,0,110.53304638500313,128.54902521702368
2025-04-25 18:10:46,24.2769718170166,0,52.941072945483405,126.38353043759453
2025-04-25 18:11:19,24.020671844482422,0,139.85978422704844,129.1002175341374
2025-04-25 18:11:52,23.738861083984375,0,129.4480837720691,129.92873948644382
2025-04-25 18:12:26,24.823665618896484,0,130.85089996353577,118.0627283743622
2025-04-25 18:13:00,22.972822189331055,0,137.28379487536947,119.9219363509987
2025-04-25 18:13:35,24.02973175048828,0,87.56168981129736,120.54014584647854
2025-04-25 18:14:17,24.667978286743164,0,94.37840222397116,51.11797515865483
2025-04-25 18:14:51,23.269176483154297,0,123.42526128666732,108.1272140185782
2025-04-25 18:15:25,24.39427375793457,0,96.31427677564916,113.44504079368143
2025-04-25 18:16:00,24.409770965576172,0,41.055584751847725,36.058895413511976
2025-04-25 18:16:33,29.097557067871094,0,148.36792277017383,135.10945413690825
2025-04-25 18:17:06,24.631977081298828,0,113.68747362797632,123.0596985299228
2025-04-25 18:17:40,24.51634407043457,0,131.68827981610366,116.87864815678999
2025-04-25 18:18:14,24.34992790222168,0,138.35231374423762,127.87878731014742
2025-04-25 18:18:48,23.609638214111328,0,136.99948835005077,120.3146683224479
2025-04-25 18:19:22,24.449586868286133,0,107.60849182532199,34.15941288119194
2025-04-25 18:19:31,106.3084602355957,0,108.52961292402692,133.42056404496074
2025-04-25 18:19:56,23.08821678161621,0,161.3609902176925,58.29088302290481
2025-04-25 18:20:06,77.82220840454102,0,71.27431084713355,122.76708544466436
2025-04-25 18:20:29,24.332284927368164,0,129.20588543390187,68.88775631090395
2025-04-25 18:20:39,70.46914100646973,0,124.81981130788472,132.4230660910376
2025-04-25 18:21:03,27.608871459960938,0,102.79356908336028,38.97891444546242
2025-04-25 18:21:15,156.97813034057617,0,47.1133575291866,116.9932278526896
2025-04-25 18:21:38,86.14683151245117,0,122.63808181194575,70.71765819152941
2025-04-25 18:21:47,84.70654487609863,0,100.32227499147116,147.81829968757805
2025-04-25 18:22:12,23.680686950683594,0,111.60057005052653,60.880438439152186
2025-04-25 18:22:22,27.632713317871094,0,69.74820097511454,116.60128753514992
2025-04-25 18:22:45,27.74333953857422,0,134.56006594234194,59.65020716252229
2025-04-25 18:22:56,49.24488067626953,0,76.30298982572135,118.25299172133293
2025-04-25 18:23:20,23.000478744506836,0,161.2144137194973,58.61547633382947
2025-04-25 18:23:30,122.72524833679199,0,115.06254968737674,118.674837071728
2025-04-25 18:23:53,25.25806427001953,0,159.14210839285073,60.53067031835177
2025-04-25 18:24:05,40.77506065368652,0,102.43479417471687,119.90888970443612
2025-04-25 18:24:30,144.8040008544922,0,45.67673516539302,43.066084574068164
2025-04-25 18:24:41,85.74032783508301,0,31.39893365005121,122.18246962178992
2025-04-25 18:25:11,24.580001831054688,0,69.01078177736106,16.754203095801216
2025-04-25 18:25:20,68.8927173614502,0,36.43470894726801,16.291310758980178
2025-04-25 18:25:45,24.321794509887695,0,116.85464060939493,65.82523481818346
2025-04-25 18:25:55,40.843963623046875,0,76.08750537955767,117.38277837606627
2025-04-25 18:26:19,24.217605590820312,0,124.39785295523623,44.18773935469461
2025-04-25 18:26:29,55.19247055053711,0,84.05596856340375,116.87907982861194
2025-04-25 18:26:53,23.467540740966797,0,105.67055280091127,54.51796330400446
2025-04-25 18:27:04,84.14793014526367,0,70.02212008405701,94.16519116714983
2025-04-25 18:27:27,113.58523368835449,0,125.59916375849816,59.7807851379524
2025-04-25 18:27:38,105.63254356384277,0,59.60790991777403,116.53098985829052
2025-04-25 18:28:02,38.24114799499512,0,124.42808506175493,50.98434890754812
2025-04-25 18:28:13,55.14788627624512,0,72.68109990238241,111.45581572708606
2025-04-25 18:28:38,127.6099681854248,0,103.48430254679418,37.72768153868179
2025-04-25 18:28:48,43.91956329345703,0,95.43193373826675,120.75190655674305
2025-04-25 18:29:11,26.23271942138672,0,136.6886949090041,67.84874179463554
2025-04-25 18:29:22,29.10780906677246,0,66.13917131339377,112.76705900222446
2025-04-25 18:29:46,23.861169815063477,0,101.32796054333508,52.19444868092142
2025-04-25 18:29:57,504.9574375152588,0,84.19831517845306,114.67182993752701
2025-04-25 18:30:13,176.47457122802734,0,,
2025-04-25 18:30:20,45.877933502197266,0,111.12270826230625,107.31467469617992
2025-04-25 18:30:47,23.20241928100586,0,115.19170490154,65.86972292439597
2025-04-25 18:30:55,29.27255630493164,0,48.444754351983605,103.7761165239217
2025-04-25 18:31:21,25.809764862060547,0,104.13629857629589,45.78807439229209
2025-04-25 18:31:30,103.54018211364746,0,82.16981823160721,99.51320395863131
2025-04-25 18:31:55,36.30518913269043,0,116.04170197622165,13.320482644625546
2025-04-25 18:32:05,70.24812698364258,0,26.096529898962782,49.56171728637223
2025-04-25 18:32:29,29.05893325805664,0,88.43150289297719,40.77100829781064
2025-04-25 18:32:40,120.08070945739746,0,91.59275380259956,113.40974144476712
2025-04-25 18:33:04,21.465539932250977,0,104.10036941281835,45.828062834946465
2025-04-25 18:33:14,45.584678649902344,0,88.71881823601805,118.01794802025188
2025-04-25 18:33:38,21.589279174804688,0,126.87922969553563,65.11509511291341
2025-04-25 18:33:49,39.95513916015625,0,69.47378790592447,106.13579644164534
2025-04-25 18:34:14,74.10573959350586,0,100.84761137375206,26.502290960341846
2025-04-25 18:34:23,32.73606300354004,0,95.26321118763664,114.81296432276406
2025-04-25 18:34:49,24.253129959106445,0,115.0705924809341,39.659312985335404
2025-04-25 18:34:57,34.361839294433594,0,77.46584620534789,90.65565893732409
2025-04-25 18:35:23,24.550914764404297,0,103.86819537779805,45.66714250107724
2025-04-25 18:35:32,23.888826370239258,0,66.02115057953542,75.1254989423459
2025-04-25 18:35:58,27.77695655822754,0,114.88687227996523,6.918434769269779
2025-04-25 18:36:07,78.48834991455078,0,124.64639890436712,119.4905759899757
2025-04-25 18:36:32,24.271249771118164,0,131.07887876888663,45.62287782524835
2025-04-25 18:36:41,38.841962814331055,0,101.70439863820955,117.1258432123167
2025-04-25 18:37:06,24.052143096923828,0,120.35477795249335,33.6849602930549
2025-04-25 18:37:16,68.80044937133789,0,82.64535693140579,73.81321410084162
2025-04-25 18:37:40,35.99214553833008,0,107.85996854598427,71.84336796588852
2025-04-25 18:37:51,63.5228157043457,0,60.18350847465651,120.2356239086004
2025-04-25 18:38:14,52.73246765136719,0,124.63428367289696,35.420474704906255
2025-04-25 18:38:24,27.45223045349121,0,87.53077663131262,102.5392129275952
2025-04-25 18:38:49,51.26047134399414,0,128.58156744901027,40.81095132580871
2025-04-25 18:39:00,48.801422119140625,0,55.97576230861895,110.8043799294261
2025-04-25 18:39:25,2843.7886238098145,0,103.53113545678528,65.1412933728683
2025-04-25 18:39:34,70.44720649719238,0,56.883986047200395,85.5248312030107
2025-04-25 18:39:59,23.861408233642578,0,118.70088141439493,43.72523874679593
2025-04-25 18:40:09,62.415361404418945,0,73.86489210836108,117.3335457848044
2025-04-25 18:40:33,23.858308792114258,0,130.39731935070338,52.18529055056229
2025-04-25 18:40:43,66.95723533630371,0,101.61789566610157,116.61238404482044
2025-04-25 18:41:07,24.365901947021484,0,140.3339032391283,76.86823057525326
2025-04-25 18:41:17,47.978878021240234,0,68.75352179188125,141.22185014607197
2025-04-25 18:41:41,26.206016540527344,0,138.28504500661563,63.122376055693735
2025-04-25 18:41:52,27.95577049255371,0,74.14272127275272,105.25256934312759
2025-04-25 18:42:14,26.13544464111328,0,105.32018759454563,62.321652063676154
2025-04-25 18:42:26,57.624101638793945,0,103.14260128885451,115.742654901443
2025-04-25 18:42:49,101.73845291137695,0,123.84299891776197,61.553557743781624
2025-04-25 18:43:00,62.531471252441406,0,76.82938623152931,107.5382506200304
2025-04-25 18:43:24,24.918794631958008,0,119.4304802597485,50.30949173086308
2025-04-25 18:43:35,63.03119659423828,0,78.08688064989103,116.45938912164003
2025-04-25 18:43:59,47.0883846282959,0,110.18116821335991,78.86790432675869
2025-04-25 18:44:08,25.656938552856445,0,105.91797315319582,116.03147334318359
2025-04-25 18:44:33,140.49530029296875,0,167.3185745938222,59.816272023730356
2025-04-25 18:44:43,56.75697326660156,0,91.05684403409252,115.20302084672596
2025-04-25 18:45:07,25.756359100341797,0,100.89138919353165,56.565622394662576
2025-04-25 18:45:16,26.443958282470703,0,96.84252582178625,135.1917673757112
2025-04-25 18:45:41,24.582862854003906,0,117.99225680870649,45.56530030947265
2025-04-25 18:45:51,44.19851303100586,0,106.29317956553568,114.48811208647078
2025-04-25 18:46:15,65.7646656036377,0,117.47849473763921,55.35137896456665
2025-04-25 18:46:26,50.766706466674805,0,73.69728101754056,117.85457560246168
2025-04-25 18:46:49,37.4298095703125,0,112.18012638593112,58.02442459132592
2025-04-25 18:46:59,22.980213165283203,0,84.80941823608005,137.44705852990865
2025-04-25 18:47:23,24.997472763061523,0,193.19666088834063,53.80344818512034
2025-04-25 18:47:34,131.8974494934082,0,88.68729326986521,72.32043746096545
2025-04-25 18:47:58,103.09052467346191,0,21.202099367696174,49.38372411874328
2025-04-25 18:48:08,23.554563522338867,0,94.37599620716867,115.25685061564496
2025-04-25 18:48:32,36.33880615234375,0,110.95886017904671,50.54740807089092
2025-04-25 18:48:42,85.23225784301758,0,85.64206379208701,124.63749754520344
2025-04-25 18:49:06,30.04908561706543,0,126.1323220382631,41.080109786622835
2025-04-25 18:49:17,60.8670711517334,0,98.97425309120453,117.2671168705609
2025-04-25 18:49:40,30.986547470092773,0,99.35797032298949,49.24346572259002
2025-04-25 18:49:51,85.94846725463867,0,105.26411419963807,120.3738735453363
2025-04-25 18:50:25,24.93739128112793,0,101.23314605052147,118.35074860042789
2025-04-25 18:50:59,24.730443954467773,0,139.24931146662104,116.38760000482311
2025-04-25 18:51:32,23.539066314697266,0,109.47340529895502,119.39267572693915
2025-04-25 18:52:05,22.307157516479492,0,124.13187521260953,132.49996797200774
2025-04-25 18:52:37,48.69246482849121,0,145.8336004063205,141.52290490361543
2025-04-25 18:53:11,23.763179779052734,0,116.52522975830506,116.12887472832614
2025-04-25 18:53:44,22.325992584228516,0,98.09610463522505,134.4094991943497
2025-04-25 18:54:18,26.29709243774414,0,120.52531708541463,55.793091203782055
2025-04-25 18:54:52,23.917198181152344,0,97.9208158873654,119.43689202043801
2025-04-25 18:55:25,24.04618263244629,0,154.67423965715767,119.37753198896426
